PRAGMA foreign_keys=OFF;
BEGIN TRANSACTION;
CREATE TABLE django_migrations (id integer NOT NULL PRIMARY KEY AUTO_INCREMENT, app varchar(255) NOT NULL, name varchar(255) NOT NULL, applied datetime NOT NULL);
INSERT INTO django_migrations VALUES(1,contenttypes,0001_initial,2016-06-20 11:25:49.014256);
INSERT INTO django_migrations VALUES(2,auth,0001_initial,2016-06-20 11:25:49.058068);
INSERT INTO django_migrations VALUES(3,admin,0001_initial,2016-06-20 11:25:49.082248);
INSERT INTO django_migrations VALUES(4,contenttypes,0002_remove_content_type_name,2016-06-20 11:25:49.130187);
INSERT INTO django_migrations VALUES(5,auth,0002_alter_permission_name_max_length,2016-06-20 11:25:49.161274);
INSERT INTO django_migrations VALUES(6,auth,0003_alter_user_email_max_length,2016-06-20 11:25:49.187156);
INSERT INTO django_migrations VALUES(7,auth,0004_alter_user_username_opts,2016-06-20 11:25:49.230981);
INSERT INTO django_migrations VALUES(8,auth,0005_alter_user_last_login_null,2016-06-20 11:25:49.254390);
INSERT INTO django_migrations VALUES(9,auth,0006_require_contenttypes_0002,2016-06-20 11:25:49.267477);
INSERT INTO django_migrations VALUES(10,sessions,0001_initial,2016-06-20 11:25:49.282644);
INSERT INTO django_migrations VALUES(11,stage,0001_initial,2016-06-20 11:28:15.203455);
INSERT INTO django_migrations VALUES(12,server,0001_initial,2016-06-21 07:32:49.198120);
INSERT INTO django_migrations VALUES(13,server,0002_auto_20160621_1656,2016-06-21 08:57:01.671285);
INSERT INTO django_migrations VALUES(14,server,0003_auto_20160621_1700,2016-06-21 09:00:37.811900);
INSERT INTO django_migrations VALUES(15,stage,0002_auto_20160621_1700,2016-06-21 09:00:37.821822);
INSERT INTO django_migrations VALUES(16,server,0004_cabinetinfo,2016-06-22 08:16:20.429950);
INSERT INTO django_migrations VALUES(17,server,0005_auto_20160622_1635,2016-06-22 08:35:33.195856);
INSERT INTO django_migrations VALUES(18,server,0006_auto_20160622_1639,2016-06-22 08:39:32.873681);
INSERT INTO django_migrations VALUES(19,server,0007_auto_20160622_1723,2016-06-22 09:23:08.607427);
INSERT INTO django_migrations VALUES(20,server,0008_auto_20160622_1725,2016-06-22 09:25:27.716196);
INSERT INTO django_migrations VALUES(21,linuxserver,0001_initial,2016-06-23 07:47:34.487840);
INSERT INTO django_migrations VALUES(22,stage,0003_auto_20160623_1551,2016-06-23 07:51:15.353609);
INSERT INTO django_migrations VALUES(23,stage,0004_auto_20160624_1533,2016-06-24 07:33:08.879136);
INSERT INTO django_migrations VALUES(24,linuxserver,0002_auto_20160624_1741,2016-06-24 09:41:40.910532);
CREATE TABLE auth_group (id integer NOT NULL PRIMARY KEY AUTO_INCREMENT, name varchar(80) NOT NULL UNIQUE);
CREATE TABLE auth_group_permissions (id integer NOT NULL PRIMARY KEY AUTO_INCREMENT, group_id integer NOT NULL REFERENCES auth_group (id), permission_id integer NOT NULL REFERENCES auth_permission (id), UNIQUE (group_id, permission_id));
CREATE TABLE auth_user_groups (id integer NOT NULL PRIMARY KEY AUTO_INCREMENT, user_id integer NOT NULL REFERENCES auth_user (id), group_id integer NOT NULL REFERENCES auth_group (id), UNIQUE (user_id, group_id));
CREATE TABLE auth_user_user_permissions (id integer NOT NULL PRIMARY KEY AUTO_INCREMENT, user_id integer NOT NULL REFERENCES auth_user (id), permission_id integer NOT NULL REFERENCES auth_permission (id), UNIQUE (user_id, permission_id));
CREATE TABLE django_admin_log (id integer NOT NULL PRIMARY KEY AUTO_INCREMENT, action_time datetime NOT NULL, object_id text NULL, object_repr varchar(200) NOT NULL, action_flag smallint unsigned NOT NULL, change_message text NOT NULL, content_type_id integer NULL REFERENCES django_content_type (id), user_id integer NOT NULL REFERENCES auth_user (id));
INSERT INTO django_admin_log VALUES(1,2016-06-20 11:28:23.891408,1,BasicInfo object,1,,7,1);
INSERT INTO django_admin_log VALUES(2,2016-06-20 11:41:11.891675,1,BasicInfo object,3,,7,1);
INSERT INTO django_admin_log VALUES(3,2016-06-21 07:33:31.548782,1,127.0.0.0 11,1,,8,1);
INSERT INTO django_admin_log VALUES(4,2016-06-22 09:23:44.113400,1,103.255.266.9 2016-06-20,1,,9,1);
INSERT INTO django_admin_log VALUES(5,2016-06-23 08:31:30.412055,1,1,1,,10,1);
INSERT INTO django_admin_log VALUES(6,2016-06-24 09:45:31.431764,2,9,1,,10,1);
CREATE TABLE django_content_type (id integer NOT NULL PRIMARY KEY AUTO_INCREMENT, app_label varchar(100) NOT NULL, model varchar(100) NOT NULL, UNIQUE (app_label, model));
INSERT INTO django_content_type VALUES(1,admin,logentry);
INSERT INTO django_content_type VALUES(3,auth,group);
INSERT INTO django_content_type VALUES(2,auth,permission);
INSERT INTO django_content_type VALUES(4,auth,user);
INSERT INTO django_content_type VALUES(5,contenttypes,contenttype);
INSERT INTO django_content_type VALUES(10,linuxserver,host);
INSERT INTO django_content_type VALUES(9,server,cabinetinfo);
INSERT INTO django_content_type VALUES(8,server,serverinfo);
INSERT INTO django_content_type VALUES(6,sessions,session);
INSERT INTO django_content_type VALUES(7,stage,basicinfo);
CREATE TABLE auth_permission (id integer NOT NULL PRIMARY KEY AUTO_INCREMENT, content_type_id integer NOT NULL REFERENCES django_content_type (id), codename varchar(100) NOT NULL, name varchar(255) NOT NULL, UNIQUE (content_type_id, codename));
INSERT INTO auth_permission VALUES(1,1,add_logentry,Can add log entry);
INSERT INTO auth_permission VALUES(2,1,change_logentry,Can change log entry);
INSERT INTO auth_permission VALUES(3,1,delete_logentry,Can delete log entry);
INSERT INTO auth_permission VALUES(4,2,add_permission,Can add permission);
INSERT INTO auth_permission VALUES(5,2,change_permission,Can change permission);
INSERT INTO auth_permission VALUES(6,2,delete_permission,Can delete permission);
INSERT INTO auth_permission VALUES(7,3,add_group,Can add group);
INSERT INTO auth_permission VALUES(8,3,change_group,Can change group);
INSERT INTO auth_permission VALUES(9,3,delete_group,Can delete group);
INSERT INTO auth_permission VALUES(10,4,add_user,Can add user);
INSERT INTO auth_permission VALUES(11,4,change_user,Can change user);
INSERT INTO auth_permission VALUES(12,4,delete_user,Can delete user);
INSERT INTO auth_permission VALUES(13,5,add_contenttype,Can add content type);
INSERT INTO auth_permission VALUES(14,5,change_contenttype,Can change content type);
INSERT INTO auth_permission VALUES(15,5,delete_contenttype,Can delete content type);
INSERT INTO auth_permission VALUES(16,6,add_session,Can add session);
INSERT INTO auth_permission VALUES(17,6,change_session,Can change session);
INSERT INTO auth_permission VALUES(18,6,delete_session,Can delete session);
INSERT INTO auth_permission VALUES(19,7,add_basicinfo,Can add basic info);
INSERT INTO auth_permission VALUES(20,7,change_basicinfo,Can change basic info);
INSERT INTO auth_permission VALUES(21,7,delete_basicinfo,Can delete basic info);
INSERT INTO auth_permission VALUES(22,8,add_serverinfo,Can add server info);
INSERT INTO auth_permission VALUES(23,8,change_serverinfo,Can change server info);
INSERT INTO auth_permission VALUES(24,8,delete_serverinfo,Can delete server info);
INSERT INTO auth_permission VALUES(25,9,add_cabinetinfo,Can add 机柜信息);
INSERT INTO auth_permission VALUES(26,9,change_cabinetinfo,Can change 机柜信息);
INSERT INTO auth_permission VALUES(27,9,delete_cabinetinfo,Can delete 机柜信息);
INSERT INTO auth_permission VALUES(28,10,add_host,Can add 服务器信息);
INSERT INTO auth_permission VALUES(29,10,change_host,Can change 服务器信息);
INSERT INTO auth_permission VALUES(30,10,delete_host,Can delete 服务器信息);
CREATE TABLE auth_user (id integer NOT NULL PRIMARY KEY AUTO_INCREMENT, password varchar(128) NOT NULL, is_superuser bool NOT NULL, username varchar(30) NOT NULL UNIQUE, first_name varchar(30) NOT NULL, last_name varchar(30) NOT NULL, email varchar(254) NOT NULL, is_staff bool NOT NULL, is_active bool NOT NULL, date_joined datetime NOT NULL, last_login datetime NULL);
INSERT INTO auth_user VALUES(1,pbkdf2_sha256$20000$SkR64N2TSIoX$HBHuuGZd3EpCXMH/ScDKoOScJCeBbw2EIhWADvommDY=,1,Qxxweb,,,Qxxrabbit@163.com,1,1,2016-06-20 11:26:32.871801,2016-06-24 09:39:49.553202);
CREATE TABLE django_session (session_key varchar(40) NOT NULL PRIMARY KEY, session_data text NOT NULL, expire_date datetime NOT NULL);
INSERT INTO django_session VALUES(a8gxznacsn0o2kpk45dkd2a4rbxcyztr,ZDZhYjdkMTU5MDg2YmE1YmFiMzcxNjJiM2U0YzU0ZDRhYTk1YzYzYTp7Il9hdXRoX3VzZXJfaGFzaCI6IjdlYTZjMDUyMWE4ZTliOGZlYjEwNDcyYWNiMDU0NzViZDkyMmY1ZjYiLCJfYXV0aF91c2VyX2JhY2tlbmQiOiJkamFuZ28uY29udHJpYi5hdXRoLmJhY2tlbmRzLk1vZGVsQmFja2VuZCIsIl9hdXRoX3VzZXJfaWQiOiIxIn0=,2016-07-04 11:26:57.274324);
INSERT INTO django_session VALUES(fulrh2ys8vivmb28hujnnn548vguqw48,ZDZhYjdkMTU5MDg2YmE1YmFiMzcxNjJiM2U0YzU0ZDRhYTk1YzYzYTp7Il9hdXRoX3VzZXJfaGFzaCI6IjdlYTZjMDUyMWE4ZTliOGZlYjEwNDcyYWNiMDU0NzViZDkyMmY1ZjYiLCJfYXV0aF91c2VyX2JhY2tlbmQiOiJkamFuZ28uY29udHJpYi5hdXRoLmJhY2tlbmRzLk1vZGVsQmFja2VuZCIsIl9hdXRoX3VzZXJfaWQiOiIxIn0=,2016-07-05 09:03:31.805117);
INSERT INTO django_session VALUES(z0qqt855lnu2l7v33cd428n9d6w7d1hl,ZDZhYjdkMTU5MDg2YmE1YmFiMzcxNjJiM2U0YzU0ZDRhYTk1YzYzYTp7Il9hdXRoX3VzZXJfaGFzaCI6IjdlYTZjMDUyMWE4ZTliOGZlYjEwNDcyYWNiMDU0NzViZDkyMmY1ZjYiLCJfYXV0aF91c2VyX2JhY2tlbmQiOiJkamFuZ28uY29udHJpYi5hdXRoLmJhY2tlbmRzLk1vZGVsQmFja2VuZCIsIl9hdXRoX3VzZXJfaWQiOiIxIn0=,2016-07-06 09:23:24.792870);
INSERT INTO django_session VALUES(f32o7fz04d5fiol54ivyo3gywbru1t3c,ZDZhYjdkMTU5MDg2YmE1YmFiMzcxNjJiM2U0YzU0ZDRhYTk1YzYzYTp7Il9hdXRoX3VzZXJfaGFzaCI6IjdlYTZjMDUyMWE4ZTliOGZlYjEwNDcyYWNiMDU0NzViZDkyMmY1ZjYiLCJfYXV0aF91c2VyX2JhY2tlbmQiOiJkamFuZ28uY29udHJpYi5hdXRoLmJhY2tlbmRzLk1vZGVsQmFja2VuZCIsIl9hdXRoX3VzZXJfaWQiOiIxIn0=,2016-07-08 07:31:57.317685);
INSERT INTO django_session VALUES(0hdqsscmcbx601hx9h2rugz3sochb5ku,ZDZhYjdkMTU5MDg2YmE1YmFiMzcxNjJiM2U0YzU0ZDRhYTk1YzYzYTp7Il9hdXRoX3VzZXJfaGFzaCI6IjdlYTZjMDUyMWE4ZTliOGZlYjEwNDcyYWNiMDU0NzViZDkyMmY1ZjYiLCJfYXV0aF91c2VyX2JhY2tlbmQiOiJkamFuZ28uY29udHJpYi5hdXRoLmJhY2tlbmRzLk1vZGVsQmFja2VuZCIsIl9hdXRoX3VzZXJfaWQiOiIxIn0=,2016-07-08 09:39:49.558312);
CREATE TABLE server_cabinetinfo (id integer NOT NULL PRIMARY KEY AUTO_INCREMENT, cabinet varchar(50) NOT NULL, ip varchar(50) NOT NULL, ip1 varchar(50) NOT NULL, asset varchar(100) NOT NULL, time varchar(50) NOT NULL, Warranty varchar(5) NOT NULL, remarks varchar(50) NULL);
INSERT INTO server_cabinetinfo VALUES(1,H7,103.255.266.9,192.168.0.1,123,2016-06-20,N,);
CREATE TABLE server_serverinfo (id integer NOT NULL PRIMARY KEY AUTO_INCREMENT, ip varchar(50) NOT NULL, type varchar(5) NOT NULL, port varchar(50) NOT NULL, account varchar(200) NOT NULL, password varchar(200) NOT NULL, system varchar(200) NOT NULL, time varchar(50) NOT NULL, purpose varchar(50) NULL, remarks varchar(50) NULL, serverNO varchar(200) NULL);
INSERT INTO server_serverinfo VALUES(1,127.0.0.0,V,22,11,11,11,11,11,11,11);
CREATE TABLE linuxserver_host (id integer NOT NULL PRIMARY KEY AUTO_INCREMENT, vendor varchar(30) NULL, sn varchar(30) NULL, product varchar(30) NULL, cpu_model varchar(50) NULL, cpu_num varchar(2) NULL, cpu_vendor varchar(30) NULL, memory_part_number varchar(30) NULL, memory_manufacturer varchar(30) NULL, memory_size varchar(20) NULL, device_model varchar(30) NULL, device_version varchar(30) NULL, device_sn varchar(30) NULL, device_size varchar(30) NULL, osver varchar(30) NULL, hostname varchar(30) NULL, os_release varchar(30) NULL, ipaddr char(15) NOT NULL);
INSERT INTO linuxserver_host VALUES(1,1,1,1,1,1,1,23,2,4,1,1,1,1,1,1,1,127.0.0.0);
INSERT INTO linuxserver_host VALUES(2,1,2,3,4,5,6,7,8,9,0,-9,9,9,9,9,9,127.0.10.1);
CREATE TABLE stage_basicinfo (id integer NOT NULL PRIMARY KEY AUTO_INCREMENT, ipadd char(15) NOT NULL, cpu varchar(255) NOT NULL, mem varchar(255) NOT NULL, disk varchar(255) NOT NULL, MAC varchar(100) NOT NULL, sys_bit varchar(100) NOT NULL, sys_version varchar(255) NOT NULL);
DELETE FROM sqlite_sequence;
INSERT INTO sqlite_sequence VALUES(django_migrations,24);
INSERT INTO sqlite_sequence VALUES(django_content_type,11);
INSERT INTO sqlite_sequence VALUES(auth_permission,33);
INSERT INTO sqlite_sequence VALUES(auth_user,1);
INSERT INTO sqlite_sequence VALUES(django_admin_log,6);
INSERT INTO sqlite_sequence VALUES(server_cabinetinfo,1);
INSERT INTO sqlite_sequence VALUES(server_serverinfo,1);
INSERT INTO sqlite_sequence VALUES(linuxserver_host,2);
INSERT INTO sqlite_sequence VALUES(stage_basicinfo,0);
CREATE INDEX auth_group_permissions_0e939a4f ON auth_group_permissions (group_id);
CREATE INDEX auth_group_permissions_8373b171 ON auth_group_permissions (permission_id);
CREATE INDEX auth_user_groups_e8701ad4 ON auth_user_groups (user_id);
CREATE INDEX auth_user_groups_0e939a4f ON auth_user_groups (group_id);
CREATE INDEX auth_user_user_permissions_e8701ad4 ON auth_user_user_permissions (user_id);
CREATE INDEX auth_user_user_permissions_8373b171 ON auth_user_user_permissions (permission_id);
CREATE INDEX django_admin_log_417f1b1c ON django_admin_log (content_type_id);
CREATE INDEX django_admin_log_e8701ad4 ON django_admin_log (user_id);
CREATE INDEX auth_permission_417f1b1c ON auth_permission (content_type_id);
CREATE INDEX django_session_de54fa62 ON django_session (expire_date);
COMMIT;
